{"cameraMode":{"drawMode":0,"name":"Shaded","section":"Shading Mode"},"sceneLighting":false,"audioPlay":false,"sceneViewState":{"m_AlwaysRefresh":false,"showFog":true,"showSkybox":true,"showFlares":true,"showImageEffects":true,"showParticleSystems":true,"showVisualEffectGraphs":true,"m_FxEnabled":true},"in2DMode":false,"pivot":{"x":155.2099151611328,"y":-4.881069183349609,"z":131.51930236816407},"rotation":{"x":0.016627784818410875,"y":0.9154977202415466,"z":-0.03790022060275078,"w":0.40033429861068728},"size":53.06132507324219,"orthographic":false}