{"cameraMode":{"drawMode":0,"name":"Shaded","section":"Shading Mode"},"sceneLighting":false,"audioPlay":false,"sceneViewState":{"m_AlwaysRefresh":false,"showFog":true,"showSkybox":true,"showFlares":true,"showImageEffects":true,"showParticleSystems":true,"showVisualEffectGraphs":true,"m_FxEnabled":true},"in2DMode":false,"pivot":{"x":407.5744323730469,"y":254.0100860595703,"z":-810.2733764648438},"rotation":{"x":-0.054565999656915668,"y":-0.023402346298098565,"z":-0.0012243983801454306,"w":0.9983019232749939},"size":53.06132507324219,"orthographic":false}