{"cameraMode":{"drawMode":0,"name":"Shaded","section":"Shading Mode"},"sceneLighting":false,"audioPlay":false,"sceneViewState":{"m_AlwaysRefresh":false,"showFog":true,"showSkybox":true,"showFlares":true,"showImageEffects":true,"showParticleSystems":true,"showVisualEffectGraphs":true,"m_FxEnabled":true},"in2DMode":false,"pivot":{"x":42.486289978027347,"y":24.16087532043457,"z":76.62975311279297},"rotation":{"x":0.08229756355285645,"y":0.5958746671676636,"z":-0.06147383525967598,"w":0.7965685129165649},"size":0.8976883888244629,"orthographic":false}