{"cameraMode":{"drawMode":0,"name":"Shaded","section":"Shading Mode"},"sceneLighting":false,"audioPlay":false,"sceneViewState":{"m_AlwaysRefresh":false,"showFog":true,"showSkybox":true,"showFlares":true,"showImageEffects":true,"showParticleSystems":true,"showVisualEffectGraphs":true,"m_FxEnabled":true},"in2DMode":false,"pivot":{"x":-2.2464675903320314,"y":6.167463302612305,"z":-1.7603321075439454},"rotation":{"x":0.058219414204359058,"y":-0.7725072503089905,"z":0.07158014178276062,"w":0.6282756924629211},"size":30.901588439941408,"orthographic":false}